User,Age,Gender,Class,CodeKnow,TechAff,TechAff_median,Pre_Post,Pre_Post_INT,TTCTPre,TTCTPost,KODETU_Pre,KODETU_Post,INT_sessions,INT_sessions_not_zero,INT_sessions_true_false,INT_count_items,TTCT_PRE_fluency,TTCT_PRE_fluency_log,TTCT_PRE_originality,TTCT_PRE_originality_log,TTCT_PRE_flexibility,TTCT_PRE_elaboration,TTCT_PRE_creativityIndex,TTCT_POST_fluency,TTCT_POST_fluency_log,TTCT_POST_originality,TTCT_POST_originality_log,TTCT_POST_flexibility,TTCT_POST_elaboration,TTCT_POST_creativityIndex,KODETU_PRE_maxL,KODETU_PRE_maxL_success,KODETU_PRE_avg_totalAttmp,KODETU_PRE_Avg_SuccessAttempts,KODETU_PRE_TotalTime,KODETU_PRE_AvgTime,KODETU_PRE_AvgOrig,KODETU_POST_maxL,KODETU_POST_maxL_success,KODETU_POST_avg_totalAttmp,KODETU_POST_Avg_SuccessAttempts,KODETU_POST_TotalTime,KODETU_POST_AvgTime,KODETU_POST_AvgOrig
em2087,14,1,7a,0,5,1,1,0,1,1,1,1,0,.,0,.,.,.,.,.,.,.,.,.,.,.,.,.,.,.,8,8,2.875,1.25,26.68333333,3.335416666,0.450714712,10,10,1.7,1.1,12.46666667,1.246666667,0.658404264
evvk06,15,2,5a,0,7,2,0,0,0,0,0,0,0,.,0,.,.,.,.,.,.,.,.,.,.,.,.,.,.,.,.,.,.,.,.,.,.,.,.,.,.,.,.,.
gllz5q,14,1,2b,.,.,.,0,0,0,0,0,0,2,2,1,8,.,.,.,.,.,.,.,.,.,.,.,.,.,.,.,.,.,.,.,.,.,.,.,.,.,.,.,.
gllz7q,14,2,2a,.,.,.,0,0,0,0,0,0,1,1,1,4,.,.,.,.,.,.,.,.,.,.,.,.,.,.,.,.,.,.,.,.,.,.,.,.,.,.,.,.
gllz86,15,1,4a,.,.,.,0,0,0,0,0,0,2,2,1,8,.,.,.,.,.,.,.,.,.,.,.,.,.,.,.,.,.,.,.,.,.,.,.,.,.,.,.,.
gllzkq,15,1,9b,0,8,2,0,0,0,1,0,1,0,.,0,.,.,.,.,.,.,.,.,0,#NUM!,0,#NUM!,0,0,0,.,.,.,.,.,.,.,10,10,3.9,1.1,20.35,2.035,0.663193849
gllzy6,15,1,3a,.,.,.,0,0,0,0,0,0,1,1,1,4,.,.,.,.,.,.,.,.,.,.,.,.,.,.,.,.,.,.,.,.,.,.,.,.,.,.,.,.
goj2v5,14,1,4b,.,.,.,0,0,0,0,0,0,0,.,0,.,.,.,.,.,.,.,.,.,.,.,.,.,.,.,.,.,.,.,.,.,.,.,.,.,.,.,.,.
gxrm78,15,1,6a,1,5,1,0,0,0,0,0,1,0,.,0,.,.,.,.,.,.,.,.,.,.,.,.,.,.,.,.,.,.,.,.,.,.,1,.,2,0,0.799999998,0.08,.
d2o740,14,1,2a,0,10,2,0,0,1,0,1,0,10,10,1,40,10,1,0.969640142,-0.013389414,9,2.2,5.542410035,.,.,.,.,.,.,.,8,8,2.125,1.25,14.21666667,1.777083334,0.452467925,.,.,.,.,.,.,.
ejvxz3,14,1,8a,0,6,2,0,0,1,0,1,0,2,2,1,8,9,0.954242509,0.966829983,-0.01464989,8,2,4.991707496,.,.,.,.,.,.,.,8,8,2.125,1,6.51666666,0.814583333,0.37662377,.,.,.,.,.,.,.
dn31ml,.,.,.,.,.,.,0,0,1,0,0,0,0,.,0,.,8,0.903089987,0.963570705,-0.016116412,3,3.75,3.928392676,.,.,.,.,.,.,.,.,.,.,.,.,.,.,.,.,.,.,.,.,.
evvk8l,14,2,9a,0,8,2,0,0,1,0,1,0,10,10,1,40,12,1.079181246,0.962747086,-0.016487787,12,3.666666667,7.157353438,.,.,.,.,.,.,.,8,8,6.5,1.125,24.9,3.112499999,0.433371371,.,.,.,.,.,.,.
em20wx,15,2,7a,0,10,2,0,0,1,0,1,0,0,.,0,.,12,1.079181246,0.962366954,-0.016659298,12,1.666666667,6.657258405,.,.,.,.,.,.,.,7,6,4.142857143,0.857142857,11.43333333,1.429166667,0.518729972,.,.,.,.,.,.,.
e1n64q,14,1,1b,0,9,2,0,0,1,0,1,0,5,5,1,20,14,1.146128036,0.962023025,-0.016814533,14,2.642857143,7.901220042,.,.,.,.,.,.,.,8,8,8.125,1.125,24.09999998,3.012499997,0.516485416,.,.,.,.,.,.,.
dzlo72,14,1,1a,0,8,2,0,0,1,0,1,0,2,2,1,8,12,1.079181246,0.960677479,-0.01742239,9,2.916666667,6.219336036,.,.,.,.,.,.,.,8,8,6.5,1,23.38333331,2.922916664,0.48889677,.,.,.,.,.,.,.
ejvx33,14,2,1b,0,3,1,0,0,1,0,1,0,1,1,1,4,12,1.079181246,0.959544763,-0.017934761,9,1.454545455,5.853522554,.,.,.,.,.,.,.,7,6,2.428571429,0.857142857,13.18333335,1.647916668,0.578837403,.,.,.,.,.,.,.
dzlo5m,14,1,5a,0,8,2,0,0,1,0,1,0,0,.,0,.,12,1.079181246,0.957763136,-0.018741883,10,1.75,6.176940784,.,.,.,.,.,.,.,8,8,11.25,1,21.13333334,2.641666667,0.548437197,.,.,.,.,.,.,.
epr979,14,2,5b,0,9,2,0,0,1,0,1,0,6,6,1,24,11,1.041392685,0.956411556,-0.019355185,10,3.727272727,6.420921071,.,.,.,.,.,.,.,8,8,2.75,1.125,8.299999981,1.037499998,0.418218179,.,.,.,.,.,.,.
evvkj6,15,2,7b,0,3,1,0,0,1,0,1,0,0,.,0,.,5,0.698970004,0.954485555,-0.02023064,5,3.2,3.538621389,.,.,.,.,.,.,.,8,8,10.625,1,37.5,4.6875,0.540334445,.,.,.,.,.,.,.
d80o73,15,1,1a,0,8,2,0,0,1,0,1,0,0,.,0,.,10,1,0.953877344,-0.020507466,8,2,5.238469336,.,.,.,.,.,.,.,7,6,2.285714286,0.857142857,13.84999997,1.731249996,0.433935956,.,.,.,.,.,.,.
evvkov,15,1,8a,0,4,1,0,0,1,0,1,0,9,9,1,36,10,1,0.953877344,-0.020507466,10,2.3,5.813469336,.,.,.,.,.,.,.,8,8,8,1,20.03333332,2.504166665,0.435415716,.,.,.,.,.,.,.
dqx46w,15,2,3a,0,3,1,0,0,1,0,1,0,4,4,1,16,8,0.903089987,0.953623923,-0.020622863,7,1.125,4.269655981,.,.,.,.,.,.,.,8,8,3.5,1,13.84999999,1.731249999,0.58239329,.,.,.,.,.,.,.
d80omq,14,2,7a,1,4,1,0,0,1,0,1,0,8,8,1,32,11,1.041392685,0.952955813,-0.020927236,10,3.545454545,6.37460259,.,.,.,.,.,.,.,8,8,9.125,1.25,21.06666667,2.633333333,0.489801945,.,.,.,.,.,.,.
em20z8,14,2,.,0,7,2,0,0,1,0,1,0,0,.,0,.,13,1.113943352,0.95266872,-0.021058094,12,3,7.23816718,.,.,.,.,.,.,.,8,8,3.625,1,16.1,2.0125,0.44593869,.,.,.,.,.,.,.
dkwy24,15,1,4b,.,.,.,0,0,1,0,0,0,9,9,1,36,11,1.041392685,0.95250887,-0.021130971,10,2.2,6.038127217,.,.,.,.,.,.,.,.,.,.,.,.,.,.,.,.,.,.,.,.,.
ejvx18,14,2,1b,0,1,1,0,0,1,0,1,0,0,.,0,.,10,1,0.952458186,-0.021154081,8,1.2,5.038114546,.,.,.,.,.,.,.,8,8,2.75,1,11.51666666,1.439583332,0.433496573,.,.,.,.,.,.,.
dw1lnl,.,.,.,.,.,.,0,0,1,0,0,0,0,.,0,.,9,0.954242509,0.952300501,-0.021225987,7,1.888888889,4.710297348,.,.,.,.,.,.,.,.,.,.,.,.,.,.,.,.,.,.,.,.,.
g6lmo4,15,2,5a,0,7,2,0,0,1,0,1,0,6,6,1,24,11,1.041392685,0.951711745,-0.021494571,11,2.545454545,6.374291573,.,.,.,.,.,.,.,8,8,8.375,1.375,25.55000003,3.193750004,0.394832145,.,.,.,.,.,.,.
dzlo6l,15,1,6a,0,4,1,0,0,1,0,1,0,0,.,0,.,7,0.84509804,0.948736514,-0.022854384,7,3,4.487184129,.,.,.,.,.,.,.,7,6,3.857142857,0.857142857,19.91666664,2.48958333,0.583132918,.,.,.,.,.,.,.
g3rj49,15,2,3a,0,5,1,0,0,1,0,1,0,1,1,1,4,12,1.079181246,0.94665484,-0.02380834,9,2.75,6.17416371,.,.,.,.,.,.,.,8,8,5,1,18.90000002,2.362500002,0.369744586,.,.,.,.,.,.,.
em20lp,14,2,8a,0,6,2,0,0,1,0,1,0,8,8,1,32,12,1.079181246,0.944796418,-0.024661762,10,2.166666667,6.277865771,.,.,.,.,.,.,.,8,8,1.375,1.125,11.84999999,1.481249999,0.452531968,.,.,.,.,.,.,.
ejvx38,14,1,1b,0,3,1,0,0,1,0,1,0,0,.,0,.,6,0.77815125,0.944044602,-0.025007487,5,1.2,3.286011151,.,.,.,.,.,.,.,8,8,3,1,7.766666659,0.970833332,0.609058477,.,.,.,.,.,.,.
dkwy16,14,2,.,1,8,2,0,0,1,0,1,0,2,2,1,8,10,1,0.940243284,-0.02675976,8,4.1,5.760060821,.,.,.,.,.,.,.,8,8,1.625,1,4.316666691,0.539583336,0.350475811,.,.,.,.,.,.,.
d80oqq,15,2,8b,0,9,2,0,0,1,0,1,0,5,5,1,20,12,1.079181246,0.9393901,-0.027154021,10,2.25,6.297347525,.,.,.,.,.,.,.,8,8,3.375,1.125,12.19999998,1.524999998,0.417452916,.,.,.,.,.,.,.
dzlo2l,14,2,7a,0,5,1,0,0,1,0,1,0,8,8,1,32,11,1.041392685,0.937842695,-0.02787,10,1.727272727,5.916278855,.,.,.,.,.,.,.,8,8,4.5,1,20.25,2.53125,0.642248631,.,.,.,.,.,.,.
g3rj39,14,2,3a,0,3,1,0,0,1,0,1,0,3,3,1,12,12,1.079181246,0.936644703,-0.028425119,8,2.666666667,5.900827843,.,.,.,.,.,.,.,8,8,3.125,1,22.85,2.85625,0.417452916,.,.,.,.,.,.,.
g3rjzy,14,2,7a,0,8,2,0,0,1,0,1,0,4,4,1,16,12,1.079181246,0.935462071,-0.028973817,10,2.25,6.296365518,.,.,.,.,.,.,.,8,8,9.5,1.25,20.41666666,2.552083333,0.470198157,.,.,.,.,.,.,.
dw1lpo,15,2,7a,0,2,1,0,0,1,0,1,0,2,2,1,8,9,0.954242509,0.931125753,-0.030991662,8,2,4.982781438,.,.,.,.,.,.,.,8,8,5.25,1.25,13.63333331,1.704166664,0.551287126,.,.,.,.,.,.,.
g3rj8y,14,1,9a,1,8,2,1,0,1,1,1,1,0,.,0,.,7,0.84509804,0.927159511,-0.032845542,4,4,3.981789878,.,.,.,.,.,.,.,8,8,2.875,1.125,9.966666691,1.245833336,0.477814247,10,9,3.1,0.9,13,1.3,0.545137654
g9op5n,15,2,1b,0,8,2,0,0,1,0,1,0,0,.,0,.,8,0.903089987,0.919602129,-0.036400032,5,2.125,4.011150532,.,.,.,.,.,.,.,8,8,4.25,1,11.63333334,1.454166667,0.400833257,.,.,.,.,.,.,.
g9op9n,15,2,1b,0,3,1,1,0,1,1,1,1,0,.,0,.,9,0.954242509,0.917722588,-0.037288579,6,2.111111111,4.507208425,.,.,.,.,.,.,.,8,8,7.25,1.125,15.26666666,1.908333333,0.476101178,8,7,1.714285714,1,4.233333349,0.423333335,0.668461066
dqx42w,14,1,5a,0,10,2,0,0,1,0,1,0,0,.,0,.,10,1,0.905575266,-0.043075448,6,2.3,4.801393817,.,.,.,.,.,.,.,8,8,4.625,1.125,24.75,3.09375,0.513806318,.,.,.,.,.,.,.
d80o5q,14,2,3a,0,1,1,0,0,1,0,1,0,0,.,0,.,12,1.079181246,0.90530495,-0.043205105,7,1.666666667,5.392992904,.,.,.,.,.,.,.,7,6,3,1,11.00000001,1.375000002,0.51147679,.,.,.,.,.,.,.
d52lx9,14,2,2a,0,5,1,0,0,1,0,1,0,1,1,1,4,10,1,0.882564622,-0.054253485,5,2.2,4.520641156,.,.,.,.,.,.,.,8,8,8,1.125,19.83333334,2.479166667,0.628598065,.,.,.,.,.,.,.
g9op4q,14,1,3b,0,7,2,0,0,1,0,1,0,0,.,0,.,10,1,0.860719716,-0.065138249,2,2.5,3.840179929,.,.,.,.,.,.,.,8,8,3.625,1.125,19.16666666,2.395833333,0.369744586,.,.,.,.,.,.,.
g6lmj0,14,2,3b,0,1,1,0,0,1,1,0,1,0,.,0,.,12,1.079181246,0.95151208,-0.021585694,9,2.5,6.11287802,23,1.361727836,0.984965461,-0.006578998,23,1.391304348,12.09406745,.,.,.,.,.,.,.,10,10,3.4,1,17.84999999,1.784999999,0.687412371
dzlop2,14,2,3b,0,10,2,1,1,1,1,1,1,4,4,1,16,13,1.113943352,0.929509922,-0.03174597,10,2.692307692,6.655454404,18,1.255272505,0.975424022,-0.010806553,17,2.277777778,9.56330045,8,8,4.5,1,17.96666667,2.245833333,0.42875251,10,10,1.5,1,17.53333329,1.753333329,0.610065869
e7jn58,14,2,5a,0,6,2,1,0,1,1,1,1,0,.,0,.,11,1.041392685,0.960005529,-0.017726266,8,2.909090909,5.71727411,17,1.230448921,0.970649319,-0.012937646,16,1.882352941,8.963250565,8,8,5.25,1,13.01666667,1.627083334,0.48548853,9,8,4.888888889,0.888888889,21.73333332,2.173333332,0.664010383
dzlonl,14,2,3b,0,10,2,1,1,1,1,1,1,1,1,1,4,16,1.204119983,0.933793715,-0.029749053,11,2.75,7.670948429,17,1.230448921,0.973489707,-0.011668636,14,1.941176471,8.478666544,8,8,2.625,1,18.3,2.2875,0.523258742,10,10,3.2,1,20.65000001,2.065000001,0.718403338
e4qkzj,15,2,5a,0,4,1,1,0,1,1,1,1,0,.,0,.,12,1.079181246,0.951343132,-0.021662813,1,3,4.237835783,15,1.176091259,0.980685358,-0.008470309,14,1.933333333,7.978504673,8,8,6.25,1,14.45000001,1.806250002,0.556237155,8,7,7.142857143,1,18.26666665,1.826666665,0.579581461
e1n65v,14,1,1b,1,8,2,1,1,1,1,1,1,6,6,1,24,13,1.113943352,0.949237787,-0.022624982,11,1.666666667,6.653976113,15,1.176091259,0.982208377,-0.007796366,15,1.466666667,8.112218761,8,8,4.25,1.125,24.95000002,3.118750002,0.378637867,10,10,1.3,1,7.099999994,0.709999999,0.607622635
e7jnk1,14,2,1a,0,5,1,1,1,1,1,1,1,10,10,1,40,9,0.954242509,0.94638734,-0.023931078,7,2.888888889,4.958819057,15,1.176091259,0.969297335,-0.013542981,12,1.933333333,7.475657667,8,8,6.625,1,13.56666666,1.695833333,0.519408655,10,10,4.9,1,14.68333333,1.468333333,0.61985976
e1n6vp,14,2,2b,1,1,1,0,0,0,1,0,1,0,.,0,.,.,.,.,.,.,.,.,12,1.079181246,0.973174109,-0.011809454,10,2.666666667,6.409960194,.,.,.,.,.,.,.,6,5,2.166666667,0.833333333,6.033333329,0.603333333,0.666827725
e4qk6m,15,2,3b,0,1,1,0,0,0,1,0,1,0,.,0,.,.,.,.,.,.,.,.,12,1.079181246,0.967073382,-0.01454057,12,1.5,6.616768345,.,.,.,.,.,.,.,8,7,5.125,0.875,21.13333334,2.113333334,0.505607265
evvk37,14,2,5a,0,8,2,0,0,0,1,0,1,1,1,1,4,.,.,.,.,.,.,.,12,1.079181246,0.970967463,-0.012795323,12,2.166666667,6.784408532,.,.,.,.,.,.,.,6,5,4.166666667,0.833333333,11.65,1.165,0.478102843
g6lmk4,14,2,3b,0,5,1,0,0,0,1,1,1,7,7,1,28,.,.,.,.,.,.,.,12,1.079181246,0.975077882,-0.010960695,10,1.5,6.11876947,8,8,8.125,2.25,24.31666667,3.039583334,0.45391734,10,10,2.8,1,18.68333333,1.868333333,0.598237399
gllz0z,14,2,9a,.,.,.,0,0,0,1,0,0,10,10,1,40,.,.,.,.,.,.,.,12,1.079181246,0.988014884,-0.005236513,12,3.75,7.184503721,.,.,.,.,.,.,.,.,.,.,.,.,.,.
gllz2m,15,1,3a,0,9,2,0,0,0,1,0,1,2,2,1,8,.,.,.,.,.,.,.,12,1.079181246,0.968501211,-0.013899832,12,2.666666667,6.90879197,.,.,.,.,.,.,.,7,6,7.833333333,1,26.63333331,2.663333331,0.500539509
gllz6m,14,2,3a,0,6,2,0,0,0,1,0,1,1,1,1,4,.,.,.,.,.,.,.,12,1.079181246,0.978971963,-0.009229746,12,2.666666667,6.911409657,.,.,.,.,.,.,.,10,10,4.2,1,22.1,2.21,0.722392664
gllzkm,14,2,3b,1,6,2,0,0,0,1,0,0,2,2,1,8,.,.,.,.,.,.,.,12,1.079181246,0.969366563,-0.013511965,12,2.666666667,6.909008307,.,.,.,.,.,.,.,.,.,.,.,.,.,.
grl58m,15,1,7b,1,8,2,0,0,0,1,0,1,0,.,0,.,.,.,.,.,.,.,.,12,1.079181246,0.975986501,-0.010556189,10,3.166666667,6.535663292,.,.,.,.,.,.,.,10,10,3.4,1.1,14.44999999,1.444999999,0.558139767
gxrm83,14,2,6a,0,3,1,0,0,0,1,0,1,0,.,0,.,.,.,.,.,.,.,.,12,1.079181246,0.976202838,-0.010459934,12,2.333333333,6.827384043,.,.,.,.,.,.,.,10,10,1.1,1,6.566666672,0.656666667,0.580370904
gxrmn8,15,2,6b,0,1,1,0,0,0,1,0,1,0,.,0,.,.,.,.,.,.,.,.,12,1.079181246,0.969582901,-0.013415052,10,1.916666667,6.221562392,.,.,.,.,.,.,.,10,10,1.4,1,6.11666664,0.611666664,0.558055993
ejvx08,14,1,1a,0,9,2,1,1,1,1,1,1,10,10,1,40,7,0.84509804,0.968575773,-0.013866398,6,2.857142857,4.206429658,12,1.079181246,0.966554171,-0.014773801,11,3,6.741638543,8,8,1.5,1,3.949999991,0.493749999,0.473175998,10,10,2.1,1,9.716666675,0.971666667,0.55661305
em20o8,14,1,7a,0,8,2,1,0,1,1,1,1,0,.,0,.,10,1,0.967866194,-0.014184679,8,1.7,5.166966548,12,1.079181246,0.978496019,-0.009440937,10,1.166666667,6.036290672,8,8,4,1.25,20.44999998,2.556249998,0.376908618,10,10,1.4,1,7.016666662,0.701666666,0.692314313
evvk4v,14,2,9a,0,5,1,1,1,1,1,1,1,10,10,1,40,12,1.079181246,0.965534719,-0.015232105,10,4.083333333,6.762217013,12,1.079181246,0.973520249,-0.011655011,12,3.333333333,7.076713396,8,8,3.5,1.25,34.05,4.25625,0.446868452,10,10,3,1,23.89999999,2.389999999,0.789676171
evvkyl,15,1,8a,0,8,2,1,1,1,1,1,1,6,6,1,24,12,1.079181246,0.965196824,-0.015384116,11,3.75,6.928799206,12,1.079181246,0.980745933,-0.008443484,12,1.75,6.682686483,7,6,5,0.857142857,12.9,1.6125,0.60227422,10,10,1.1,1,7.999999974,0.799999997,0.643504609
g3rj68,14,1,9a,0,7,2,1,0,1,1,1,1,0,.,0,.,11,1.041392685,0.963000507,-0.016373484,10,3.181818182,6.286204672,12,1.079181246,0.970231914,-0.013124444,10,1.75,6.180057979,8,8,5.875,1,15.63333335,1.954166669,0.536574812,10,10,3,1,14.70000001,1.470000001,0.631151006
eyqnxj,14,2,1b,0,5,1,1,1,1,1,1,1,7,7,1,28,11,1.041392685,0.962585818,-0.016560541,10,3.454545455,6.354282818,12,1.079181246,0.973433714,-0.011693616,11,3.583333333,6.889191762,8,8,6,1,12.76666668,1.595833334,0.524444646,10,10,2.9,1,16.08333335,1.608333335,0.56036298
dzlo4w,14,2,4a,0,6,2,1,1,1,1,1,1,5,5,1,20,12,1.079181246,0.961226559,-0.017174238,10,2.416666667,6.344473306,12,1.079181246,0.973390447,-0.01171292,11,2.583333333,6.639180945,8,8,4.125,1.25,20.83333334,2.604166668,0.514648021,8,7,2.625,1,13.33333332,1.333333332,0.432227029
dw1l87,14,1,5a,0,3,1,1,1,1,1,1,1,7,7,1,28,10,1,0.957374557,-0.018918118,8,1.8,5.189343639,12,1.079181246,0.970015576,-0.013221292,11,1.583333333,6.388337227,8,8,8.875,1,18.43333333,2.304166666,0.514662884,6,5,16.5,0.833333333,29.83333333,2.983333333,0.66943642
epr9xj,14,1,8b,0,8,2,1,1,1,1,1,1,5,5,1,20,11,1.041392685,0.957240934,-0.018978738,11,2.454545455,6.352946597,12,1.079181246,0.971919349,-0.012369772,12,2.083333333,6.763813171,8,8,5.625,1,18.03333333,2.254166666,0.590603815,4,4,1.25,1,3.066666682,0.306666668,0.391632263
d80o43,14,2,8a,0,6,2,1,1,1,1,1,1,8,8,1,32,11,1.041392685,0.955490024,-0.019773843,11,1.909090909,6.216145233,12,1.079181246,0.973823122,-0.011519918,12,1.25,6.555955781,8,8,5.75,1.125,18.76666666,2.345833333,0.467476311,10,10,4.2,1,24.63333334,2.463333334,0.668860551
d52lyv,14,2,1a,0,2,1,1,1,1,1,1,1,6,6,1,24,10,1,0.954384187,-0.020276765,7,1.7,4.913596047,12,1.079181246,0.977197992,-0.010017434,11,2,6.494299498,7,6,5.857142857,0.857142857,18.28333331,2.285416664,0.376279476,6,5,7.333333333,0.833333333,17.76666667,1.776666667,0.445059365
g025vr,14,2,6a,0,5,1,1,0,1,1,1,1,0,.,0,.,12,1.079181246,0.952948133,-0.020930736,11,2.083333333,6.509070367,12,1.079181246,0.975380755,-0.010825818,12,1.75,6.681345189,8,8,3.5,1.125,16.01666664,2.00208333,0.733356893,10,10,5,1,21.36666668,2.136666668,0.635224889
em20np,14,2,8a,0,6,2,1,1,1,1,1,1,3,3,1,12,12,1.079181246,0.951343132,-0.021662813,10,2.166666667,6.27950245,12,1.079181246,0.971270336,-0.012659875,12,1.416666667,6.596984251,8,8,4.125,1.125,18.43333337,2.304166671,0.505364003,2,1,4,0.5,4.016666663,0.401666666,0.40167364
d2o75q,14,1,1a,1,9,2,1,1,1,1,1,1,5,5,1,20,12,1.079181246,0.950329448,-0.022125813,11,2.583333333,6.633415695,12,1.079181246,0.97083766,-0.012853385,11,2.083333333,6.513542748,8,8,3.75,1.125,19.91666668,2.489583335,0.384072649,10,9,5.5,0.9,22.33333329,2.233333329,0.667932395
g0254r,14,1,6b,0,7,2,1,1,1,1,1,1,2,2,1,8,11,1.041392685,0.950237294,-0.022167929,9,2.272727273,5.805741142,12,1.079181246,0.969106957,-0.013628289,9,1.833333333,5.950610073,8,8,1.625,1.125,9.383333348,1.172916668,0.478677406,10,10,1.1,1.1,7.316666659,0.731666666,0.571635428
ejvx68,14,2,6b,1,8,2,0,0,1,1,1,0,2,2,1,8,10,1,0.950076026,-0.022241641,9,2.2,5.537519007,12,1.079181246,0.969842506,-0.013298786,9,1.75,5.929960627,6,5,5.333333333,0.833333333,10.73333334,1.341666667,0.421905742,.,.,.,.,.,.,.
g6lmnz,14,2,4b,0,3,1,1,1,1,1,1,1,2,2,1,8,10,1,0.948656868,-0.022890845,10,2,5.737164217,12,1.079181246,0.975250952,-0.010883617,12,2.333333333,6.827146071,8,8,3.5,1.25,19.64999999,2.456249999,0.617796873,10,10,5,1,15.99999999,1.599999999,0.626614094
g6lm84,14,2,6b,0,3,1,0,0,1,1,0,1,8,8,1,32,11,1.041392685,0.94733447,-0.02349666,10,3.636363636,6.395924527,12,1.079181246,0.974082728,-0.011404157,9,2.666666667,6.160187349,.,.,.,.,.,.,.,10,10,1.8,1,10.46666665,1.046666665,0.591680428
g3rjn8,14,1,2a,0,8,2,1,0,1,1,1,1,0,.,0,.,12,1.079181246,0.946866025,-0.023711466,10,2.333333333,6.320049839,12,1.079181246,0.967419522,-0.014385153,8,2.166666667,5.783521547,8,8,3.75,1,16.71666669,2.089583336,0.495729615,10,10,4.7,1,21.76666666,2.176666666,0.652215266
eyqn2z,14,2,6b,1,5,1,1,1,1,1,1,1,8,8,1,32,12,1.079181246,0.946739314,-0.023769588,10,3.333333333,6.570018162,12,1.079181246,0.961838006,-0.016898066,11,2.166666667,6.532126168,8,8,4.625,1,17.81666666,2.227083333,0.383139128,10,10,3.5,1,13.63333334,1.363333334,0.563207401
dw1lvo,15,2,4a,0,2,1,1,0,1,1,1,1,0,.,0,.,12,1.079181246,0.943613786,-0.025205723,9,3.166666667,6.277570113,12,1.079181246,0.978452752,-0.009460141,12,2.583333333,6.890446521,7,6,4.714285714,0.857142857,18.51666668,2.314583335,0.332728387,6,5,1.666666667,0.833333333,3.883333309,0.388333331,0.38592893
em20y7,14,1,7a,0,9,2,1,1,1,1,1,1,7,7,1,28,12,1.079181246,0.942262206,-0.025828228,11,2.083333333,6.506398885,12,1.079181246,0.97421253,-0.011346289,12,1.916666667,6.722719799,8,8,5.75,1.125,16.91666665,2.114583331,0.414226114,7,6,6.142857143,0.857142857,15.98333334,1.598333334,0.54147321
dqx4yn,14,2,6b,1,5,1,1,1,1,1,1,1,2,2,1,8,8,0.903089987,0.94114293,-0.026344416,8,1.625,4.641535732,12,1.079181246,0.978322949,-0.009517759,11,1.75,6.432080737,7,6,4.714285714,0.857142857,11.75000001,1.468750002,0.54156318,10,10,6.2,1,30.81666667,3.081666667,0.611797147
dzlo3w,14,2,1a,0,1,1,1,1,1,1,1,1,4,4,1,16,12,1.079181246,0.93884102,-0.027407943,10,2.583333333,6.380543588,12,1.079181246,0.96586189,-0.01508497,11,1.666666667,6.408132139,8,8,4.375,1.25,13.54999998,1.693749998,0.453682115,10,10,3,1.1,11.64999999,1.164999999,0.635264023
d2o78q,15,1,2a,0,7,2,1,1,1,1,1,1,10,10,1,40,10,1,0.938570705,-0.027533005,7,2.9,5.209642676,12,1.079181246,0.961838006,-0.016898066,4,1.666666667,4.657126168,8,8,3.25,1,14.88333333,1.860416667,0.513078155,8,7,3.75,0.875,20.06666665,2.006666665,0.475140102
g3rjvr,15,1,2a,1,9,2,1,1,1,1,1,1,2,2,1,8,12,1.079181246,0.93803852,-0.027779327,8,1.916666667,5.713676297,12,1.079181246,0.967116649,-0.01452114,11,1.666666667,6.408445829,8,8,4.125,1,12.18333332,1.522916665,0.417452916,10,10,2.9,1,13.73333333,1.373333333,0.67625169
d80oyy,14,2,3b,0,3,1,1,1,1,1,1,1,6,6,1,24,12,1.079181246,0.937827336,-0.027877113,9,2.083333333,6.005290167,12,1.079181246,0.973390447,-0.01171292,12,1.75,6.680847612,8,8,3.125,1,12.68333334,1.585416668,0.49447956,10,9,2.3,1.111111111,21.39999996,2.139999996,0.608499037
g3rj5y,14,2,2a,0,3,1,1,1,1,1,1,1,9,9,1,36,12,1.079181246,0.937024835,-0.028248898,10,3.666666667,6.650922875,12,1.079181246,0.973693319,-0.01157781,12,3.5,7.11842333,8,8,6.5,1,24.83333333,3.104166667,0.541080594,10,10,2.5,1,13.86666667,1.386666667,0.651954835
em2047,14,2,9a,0,7,2,1,1,1,1,1,1,7,7,1,28,12,1.079181246,0.935166413,-0.029111099,8,3.75,6.171291603,12,1.079181246,0.974991346,-0.010999239,12,2.833333333,6.95208117,8,8,3,1.125,24.75,3.09375,0.529448662,10,10,1.6,1,9.566666671,0.956666667,0.72004641
d2o7j0,14,2,6a,0,8,2,1,1,1,1,1,1,10,10,1,40,12,1.079181246,0.934701808,-0.029326917,9,3.583333333,6.379508785,12,1.079181246,0.972654898,-0.012041222,12,2.5,6.868163724,8,8,4.625,1,18.8,2.350000001,0.458078475,9,8,3.777777778,0.888888889,24.48333332,2.448333332,0.547857961
ejvxyy,14,1,8a,0,3,1,0,0,1,1,0,1,0,.,0,.,12,1.079181246,0.934110492,-0.02960175,10,2.666666667,6.40019429,12,1.079181246,0.980183454,-0.008692633,12,1.25,6.557545864,.,.,.,.,.,.,.,10,10,2.2,1,13.45,1.345,0.697386876
g6lm4z,14,2,2b,0,2,1,1,1,1,1,1,1,9,9,1,36,12,1.079181246,0.934026018,-0.029641026,8,2.25,5.796006504,12,1.079181246,0.973001038,-0.011886696,12,2.416666667,6.847416926,8,8,8.5,1.125,23.24999997,2.906249996,0.510698364,9,9,5.555555556,1,22.1,2.21,0.606434195
dkwy06,14,1,6b,0,9,2,1,1,1,1,1,1,8,8,1,32,10,1,0.931981754,-0.03059259,7,3.4,5.332995438,12,1.079181246,0.974299065,-0.011307714,12,2.166666667,6.785241433,8,8,2.625,1.125,12.04999998,1.506249997,0.486395344,10,10,2.5,1,12.83333332,1.283333332,0.585781893
g6lm74,14,2,3b,0,5,1,1,1,1,1,1,1,4,4,1,16,12,1.079181246,0.929844568,-0.031589642,8,3.25,6.044961142,12,1.079181246,0.969799238,-0.013318161,11,2.416666667,6.596616476,8,8,2.75,1.25,13.99999999,1.749999999,0.448600524,7,6,2.571428571,1,20.48333335,2.048333335,0.437468801
g9op7q,14,1,5b,0,7,2,1,0,1,1,1,1,0,.,0,.,12,1.079181246,0.929379963,-0.031806695,10,2.75,6.419844991,12,1.079181246,0.971097265,-0.012737269,12,2.083333333,6.76360765,8,8,4.875,1,10.28333334,1.285416667,0.436721691,9,8,4.333333333,0.888888889,18.41666669,1.841666669,0.599171512
g9op6x,14,1,5b,0,6,2,1,0,1,1,1,1,0,.,0,.,12,1.079181246,0.927099172,-0.032873807,7,1.75,5.419274793,12,1.079181246,0.973390447,-0.01171292,12,1.333333333,6.576680945,8,8,3.25,1,11.56666666,1.445833332,0.494877317,7,6,3.333333333,1,12.4,1.24,0.477546787
e7jn88,14,1,1a,0,8,2,1,1,1,1,1,1,2,2,1,8,10,1,0.926507856,-0.033150894,8,1.4,5.081626964,12,1.079181246,0.967549325,-0.014326886,10,1.833333333,6.200220665,8,8,6.375,1,16.58333332,2.072916665,0.444292779,10,10,4.4,1,16.75,1.675,0.607963341
evvkl7,14,2,6a,0,5,1,1,1,1,1,1,1,1,1,1,4,12,1.079181246,0.921692854,-0.03541378,8,2.666666667,5.89708988,12,1.079181246,0.970188647,-0.013143812,11,2.083333333,6.513380495,8,8,10.375,1.125,34.95000001,4.368750001,0.385554863,10,10,1.7,1,12.05000002,1.205000002,0.580844838
dn31ol,14,2,5a,0,7,2,1,1,1,1,1,1,6,6,1,24,12,1.079181246,0.911471532,-0.040256891,7,2.166666667,5.51953455,12,1.079181246,0.974731741,-0.011114891,10,2.25,6.306182935,8,8,4.125,1.125,12.06666667,1.508333334,0.413391092,10,10,1.2,1,11.06666668,1.106666668,0.613730728
d80ozy,14,2,4b,0,3,1,1,1,1,1,1,1,2,2,1,8,12,1.079181246,0.909866532,-0.04102231,6,3.333333333,5.560799966,12,1.079181246,0.96603496,-0.015007157,12,1.666666667,6.658175407,8,8,5,1,10.60000001,1.325000001,0.402407903,8,7,6.375,0.875,18.98333334,1.898333334,0.613489487
g025w9,14,2,1a,0,5,1,1,0,1,1,1,1,0,.,0,.,9,0.954242509,0.901785211,-0.044896891,5,2.666666667,4.39211297,12,1.079181246,0.968587747,-0.013861029,8,2.75,5.929646937,6,5,6.166666667,0.833333333,18.53333334,2.316666667,0.380069007,6,5,12.33333333,0.833333333,17.83333333,1.783333333,0.54741141
g02563,14,2,6b,0,2,1,1,1,1,1,1,1,5,5,1,20,12,1.079181246,0.899476263,-0.046010293,6,3,5.474869066,12,1.079181246,0.973650052,-0.011597109,12,2.5,6.868412513,8,8,5.5,1,18.73333333,2.341666667,0.604531544,9,8,4.555555556,1,31.56666667,3.156666667,0.721901336
g025x5,14,2,1a,0,1,1,1,1,1,1,1,1,1,1,1,4,11,1.041392685,0.894023868,-0.048650887,6,3.454545455,5.337142331,12,1.079181246,0.971746279,-0.012447114,10,2.75,6.43043657,6,5,3.666666667,0.833333333,7.283333339,0.910416667,0.327807701,6,5,4.5,0.833333333,18.16666666,1.816666666,0.576272754
em205p,14,1,7a,0,10,2,1,0,1,1,1,1,0,.,0,.,8,0.903089987,0.893943234,-0.048690058,5,3.5,4.348485808,12,1.079181246,0.975597092,-0.010729503,10,3,6.493899273,8,8,2.125,1.125,10.23333333,1.279166666,0.430641375,10,10,2.7,1,11.96666666,1.196666666,0.587742385
e1n6yq,15,1,4a,0,1,1,0,0,0,1,0,0,0,.,0,.,.,.,.,.,.,.,.,11,1.041392685,0.967195318,-0.014485814,9,2.454545455,5.855435193,.,.,.,.,.,.,.,.,.,.,.,.,.,.
evvk26,14,2,8a,0,8,2,0,0,0,1,0,1,6,6,1,24,.,.,.,.,.,.,.,11,1.041392685,0.971490607,-0.012561394,10,1.636363636,5.901963561,.,.,.,.,.,.,.,6,5,5.666666667,0.833333333,26.38333333,2.638333333,0.599572736
gllz0q,14,2,9a,1,7,2,0,0,0,1,0,1,10,10,1,40,.,.,.,.,.,.,.,11,1.041392685,0.98267724,-0.007589103,9,3.909090909,6.222942037,.,.,.,.,.,.,.,8,7,3,0.875,11.91666668,1.191666668,0.515730825
gllz4m,15,1,8a,0,7,2,0,0,0,1,0,1,0,.,0,.,.,.,.,.,.,.,.,11,1.041392685,0.981922024,-0.007922999,11,1.272727273,6.063662324,.,.,.,.,.,.,.,7,7,11.14285714,1,25.76666667,2.576666667,0.44969775
gllzym,14,2,8b,.,.,.,0,0,0,1,0,0,0,.,0,.,.,.,.,.,.,.,.,11,1.041392685,0.973001038,-0.011886696,11,3,6.49325026,.,.,.,.,.,.,.,.,.,.,.,.,.,.
grl5nm,14,1,7b,1,6,2,0,0,0,1,0,0,0,.,0,.,.,.,.,.,.,.,.,11,1.041392685,0.971868215,-0.012392621,11,1.545454545,6.12933069,.,.,.,.,.,.,.,.,.,.,.,.,.,.
dw1l76,14,1,6a,1,10,2,1,0,1,1,1,1,0,.,0,.,10,1,0.980435884,-0.008580802,9,1.4,5.345108971,11,1.041392685,0.974889078,-0.011044795,11,1.636363636,6.152813179,8,8,2.375,1.625,19.75,2.46875,0.507550948,10,10,2.6,1.7,23.4,2.34,0.55688329
dw1lm6,14,2,4a,0,6,2,1,1,1,1,1,1,6,6,1,24,12,1.079181246,0.964689981,-0.015612232,11,2.25,6.553672495,11,1.041392685,0.969744171,-0.013342822,11,2.454545455,6.356072406,8,8,8.25,1.125,27.34999998,3.418749998,0.468229489,10,9,5.6,1,24.03333334,2.403333334,0.618107548
em201p,15,1,8a,1,10,2,1,0,1,1,1,1,0,.,0,.,10,1,0.956715661,-0.019217117,9,2.1,5.514178915,11,1.041392685,0.964504862,-0.015695579,10,1.454545455,5.854762579,8,8,2.75,1,11.11666668,1.389583335,0.350475811,10,10,5.5,1,38.50000001,3.850000001,0.622087542
g6lmx0,15,2,4b,0,5,1,1,1,1,1,1,1,7,7,1,28,11,1.041392685,0.943371884,-0.025317071,10,3,6.235842971,11,1.041392685,0.981686019,-0.008027394,11,2.181818182,6.29087605,8,8,3.5,1.125,21.73333332,2.716666665,0.471160466,10,10,1.7,1,15.11666667,1.511666667,0.578477816
e7jnyy,14,1,3a,0,8,2,1,1,1,1,1,1,2,2,1,8,9,0.954242509,0.943064707,-0.025458508,8,2.555555556,5.124655066,11,1.041392685,0.983951666,-0.007026235,10,2.181818182,6.041442462,8,8,6.125,1,14.83333332,1.854166665,0.382590436,10,10,2.2,1.1,11.63333335,1.163333335,0.632870048
em20l7,14,2,8a,0,6,2,1,1,1,1,1,1,3,3,1,12,12,1.079181246,0.941797601,-0.02604242,9,2.083333333,6.006282734,11,1.041392685,0.968800151,-0.013765802,10,1.454545455,5.855836401,8,8,4.25,1.125,23.11666667,2.889583334,0.471050214,10,10,5.4,1,23.33333332,2.333333332,0.629196304
dkwy46,14,2,6b,0,5,1,0,0,1,1,0,1,1,1,1,4,11,1.041392685,0.941390591,-0.026230147,10,2.454545455,6.098984011,11,1.041392685,0.969932975,-0.013258276,11,1.818181818,6.197028698,.,.,.,.,.,.,.,10,9,4.222222222,1,14.43333332,1.443333332,0.685468417
e7jn77,14,2,5a,0,5,1,0,0,1,1,1,0,3,3,1,12,9,0.954242509,0.940586811,-0.026601115,8,3.555555556,5.374035592,11,1.041392685,0.968800151,-0.013765802,11,2.454545455,6.355836401,8,8,3.625,1,11.68333335,1.460416669,0.547207091,.,.,.,.,.,.,.
d52l6j,14,2,9b,0,4,1,1,1,1,1,1,1,5,5,1,20,11,1.041392685,0.939271069,-0.027209054,9,2.272727273,5.802999585,11,1.041392685,0.977957142,-0.009680177,11,1.818181818,6.19903474,8,8,9.875,1.25,31.61666666,3.952083333,0.543661206,10,10,2.4,1.1,38.85000001,3.885000001,0.625506174
eyqn01,14,2,7b,1,5,1,1,1,1,1,1,1,1,1,1,4,12,1.079181246,0.938334178,-0.027642465,10,3.666666667,6.651250211,11,1.041392685,0.974086661,-0.011402404,11,1.909090909,6.220794393,8,8,3.375,1.375,24.56666667,3.070833333,0.772458062,10,10,2.4,1,30.91666666,3.091666666,0.68217179
d2o7z0,14,1,7b,1,8,2,1,1,1,1,1,1,8,8,1,32,9,0.954242509,0.937658388,-0.027955357,7,3.333333333,5.06774793,11,1.041392685,0.96299443,-0.016376225,9,2.818181818,5.945294062,8,8,1.625,1.125,4.249999977,0.531249997,0.628206594,10,10,1.7,1,8.349999993,0.834999999,0.644622741
g3rjk9,14,2,4a,0,6,2,1,1,1,1,1,1,4,4,1,16,8,0.903089987,0.936834769,-0.028337,6,2.375,4.327958692,11,1.041392685,0.979467573,-0.009009938,10,2.636363636,6.153957802,8,8,4.25,1.125,17.24999999,2.156249999,0.694601552,10,10,4.8,1,20.26666668,2.026666668,0.571079276
dqx495,14,2,2b,1,5,1,1,1,1,1,1,1,5,5,1,20,10,1,0.936289914,-0.028589655,9,2.1,5.509072478,11,1.041392685,0.974133862,-0.01138136,10,1.909090909,5.970806193,8,8,1.125,1.125,3.449999979,0.431249997,0.47208665,10,10,2.6,1,19.61666666,1.961666666,0.658435333
dqx4p5,14,2,2b,1,5,1,0,0,1,1,0,1,0,.,0,.,8,0.903089987,0.930055753,-0.031491017,5,1.875,3.951263938,11,1.041392685,0.971962617,-0.012350438,11,2.363636364,6.333899745,.,.,.,.,.,.,.,3,2,2.333333333,0.666666667,5.950000008,0.595000001,0.297475476
epr94q,14,2,9b,0,7,2,1,0,1,1,1,1,0,.,0,.,11,1.041392685,0.924065797,-0.034297104,6,2.272727273,5.049198268,11,1.041392685,0.9759747,-0.01056144,11,1.818181818,6.19853913,8,8,5.875,1.125,13.38333333,1.672916666,0.408738395,10,10,1.9,1,12.03333334,1.203333334,0.614325221
grl56p,14,1,7b,1,8,2,0,0,0,1,0,1,2,2,1,8,.,.,.,.,.,.,.,10,1,0.97305296,-0.011863522,10,1.6,5.64326324,.,.,.,.,.,.,.,10,10,2.7,1,12.29999999,1.229999999,0.625481988
em20y8,14,2,7b,0,4,1,1,1,1,1,1,1,9,9,1,36,9,0.954242509,0.976178409,-0.010470802,9,3,5.494044602,10,1,0.973104881,-0.011840349,10,1.666666667,5.659942887,8,8,6.375,1.125,16.54999999,2.068749999,0.44593869,10,10,4.6,1.1,19.13333334,1.913333334,0.647578169
dzlo8m,15,1,5a,0,3,1,1,0,1,1,1,1,0,.,0,.,12,1.079181246,0.972292617,-0.012203012,7,2.416666667,5.597239821,10,1,0.971391485,-0.012605708,10,1.7,5.667847871,8,8,5.25,1.125,15.71666667,1.964583334,0.56766754,10,9,7.333333333,1,22.08333335,2.208333335,0.687412688
evvkm6,14,2,6a,0,5,1,1,1,1,1,1,1,2,2,1,8,12,1.079181246,0.968829194,-0.013752783,12,3.166666667,7.033873965,10,1,0.966874351,-0.01462996,10,2.2,5.791718588,8,8,5.875,1,25.51666666,3.189583332,0.41071468,10,10,1.3,1,7.983333335,0.798333333,0.65629683
d52ljm,14,1,9b,0,9,2,1,1,1,1,1,1,10,10,1,40,6,0.77815125,0.963929718,-0.01595463,6,2.428571429,3.848125287,10,1,0.972429907,-0.012141693,9,1.555555556,5.381996366,8,8,3.625,1.125,11.6,1.45,0.548652768,10,10,2,1,8.500000007,0.850000001,0.625052429
dw1l4o,14,2,5b,0,6,2,1,1,1,1,1,1,4,4,1,16,11,1.041392685,0.963553426,-0.0161242,9,2,5.740888356,10,1,0.964849429,-0.015540456,9,3,5.741212357,8,8,3.875,1,38.23333333,4.779166667,0.513149176,7,6,4.333333333,1,12.48333333,1.248333333,0.388983328
d52lnm,14,2,8a,0,1,1,0,0,1,1,1,0,0,.,0,.,11,1.041392685,0.956918398,-0.019125095,10,4.727272727,6.671047781,10,1,0.978920042,-0.00925278,10,2.7,5.91973001,8,8,5.125,1,14.55,1.81875,0.63220062,.,.,.,.,.,.,.
e1n61v,14,1,2b,0,10,2,1,1,1,1,1,1,3,3,1,12,11,1.041392685,0.956734092,-0.01920875,9,2.090909091,5.761910796,10,1,0.983748702,-0.007115828,7,2.1,5.020937175,8,8,1.875,1,6.733333336,0.841666667,0.629803553,10,10,3.4,1,20.63333334,2.063333334,0.68041541
g9op3q,14,2,4b,0,6,2,1,1,1,1,1,1,10,10,1,40,11,1.041392685,0.956319403,-0.019397033,10,3.454545455,6.352716214,10,1,0.967497404,-0.014350192,10,2.5,5.866874351,8,8,7.125,1.125,19.68333332,2.460416666,0.38012008,10,10,5.6,1,27.75000001,2.775000001,0.6666516
d2o7q2,14,1,3a,0,10,2,1,0,1,1,1,1,0,.,0,.,12,1.079181246,0.955862477,-0.019604587,5,2.166666667,5.030632286,10,1,0.965316719,-0.015330172,9,2.4,5.59132918,8,7,6,1,25.96666667,3.245833334,0.439182025,10,9,6,1,20.33333334,2.033333334,0.686936974
d52lz9,14,2,9a,0,5,1,1,1,1,1,1,1,2,2,1,8,8,0.903089987,0.946084643,-0.024070007,7,2.375,4.580271161,10,1,0.981100727,-0.008286402,9,2,5.495275182,8,8,3.125,1.25,20.56666667,2.570833333,0.512396453,10,10,2.2,1,15.38333334,1.538333334,0.637174528
dn31vn,14,2,5a,0,5,1,1,1,1,1,1,1,1,1,1,4,10,1,0.945007603,-0.024564697,9,3.2,5.786251901,10,1,0.977050883,-0.010082818,9,2.3,5.569262721,8,8,4.375,1,13.80000001,1.725000001,0.41975292,10,10,3,1,15.55000001,1.555000001,0.647180688
evvkrv,14,2,7a,0,4,1,1,0,1,1,1,1,0,.,0,.,11,1.041392685,0.944063033,-0.024999008,10,2.545454545,6.122379395,10,1,0.969833853,-0.01330266,10,2.4,5.842458463,7,6,7.142857143,1,34.88333334,4.360416667,0.379497095,9,8,4.333333333,0.888888889,19.11666665,1.911666665,0.539919775
dw1lzl,15,2,2a,0,1,1,1,0,1,1,1,1,0,.,0,.,12,1.079181246,0.941037337,-0.026393145,11,3,6.735259334,10,1,0.969470405,-0.013465444,10,3,5.992367601,7,6,3.714285714,0.857142857,14.58333332,1.822916665,0.379497095,10,9,2.2,1,16.14999999,1.614999999,0.737204493
g02519,14,2,6b,0,5,1,1,1,1,1,1,1,7,7,1,28,9,0.954242509,0.940023653,-0.026861218,8,2.444444444,5.096117024,10,1,0.976583593,-0.010290576,10,2.9,5.969145898,8,8,9,1,18.55,2.31875,0.563554668,10,10,9.4,1,21.5,2.15,0.622980074
d80o9v,15,2,1a,0,1,1,1,1,1,1,1,1,5,5,1,20,10,1,0.9299037,-0.031562024,8,2,5.232475925,10,1,0.968172378,-0.014047312,9,2.2,5.542043094,6,5,4.333333333,0.833333333,11.43333334,1.429166668,0.454338313,6,5,2.666666667,0.833333333,16.75,1.675,0.445059365
e7jnoy,14,1,5a,0,6,2,1,0,1,1,1,1,0,.,0,.,4,0.602059991,0.929042068,-0.03196462,4,2.25,2.794760517,10,1,0.980685358,-0.008470309,10,1.7,5.67017134,8,8,3.875,1,13.06666666,1.633333333,0.689714689,9,8,3.125,1,20.48333333,2.048333333,0.646692324
d80oly,14,1,2a,0,10,2,1,1,1,1,1,1,8,8,1,32,11,1.041392685,0.926415703,-0.033194092,8,2.272727273,5.549785744,10,1,0.973468328,-0.011678174,10,2.111111111,5.77114486,8,8,2.5,1.25,14.98333332,1.872916664,0.594169462,10,10,2.1,1,11.21666666,1.121666666,0.738042052
em207p,14,1,7a,0,8,2,1,1,1,1,1,1,3,3,1,12,11,1.041392685,0.913606414,-0.03924086,8,3.727272727,5.910219785,10,1,0.973624091,-0.011608689,10,3.2,6.043406023,8,8,4.125,1.625,27.71666667,3.464583334,0.480742982,10,10,1.3,1,13.11666666,1.311666666,0.581635515
e1n6op,14,2,2b,0,6,2,0,0,0,1,0,1,0,.,0,.,.,.,.,.,.,.,.,9,0.954242509,0.964347525,-0.01576643,9,1.888888889,5.213309103,.,.,.,.,.,.,.,6,6,8.833333333,1,19.06666668,1.906666668,0.509781789
goj26y,14,1,2a,0,7,2,0,0,0,1,0,1,0,.,0,.,.,.,.,.,.,.,.,9,0.954242509,0.966135918,-0.014961772,9,1.888888889,5.213756202,.,.,.,.,.,.,.,10,10,2.6,1,16.75,1.675,0.549386532
goj2nz,14,1,4a,0,7,2,0,0,0,1,0,1,3,3,1,12,.,.,.,.,.,.,.,9,0.954242509,0.972885658,-0.011938199,9,2,5.243221415,.,.,.,.,.,.,.,10,10,3.2,1,13.53333332,1.353333332,0.63817633
goj2wj,14,1,4b,0,8,2,0,0,0,1,0,1,0,.,0,.,.,.,.,.,.,.,.,9,0.954242509,0.964232145,-0.015818394,8,2,4.991058036,.,.,.,.,.,.,.,10,10,5.4,1,24.5666667,2.45666667,0.713768088
grl50p,14,2,7a,0,9,2,0,0,0,1,0,1,0,.,0,.,.,.,.,.,.,.,.,9,0.954242509,0.966885889,-0.014624778,9,1.777777778,5.186165917,.,.,.,.,.,.,.,3,2,12,0.666666667,17.48333332,1.748333332,0.692433459
gxrmlw,14,2,6a,0,9,2,0,0,0,1,0,1,0,.,0,.,.,.,.,.,.,.,.,9,0.954242509,0.965212876,-0.015376893,8,2.777777778,5.185747664,.,.,.,.,.,.,.,10,10,2.5,1,12.26666666,1.226666666,0.612181083
dn31xn,14,1,4a,0,1,1,1,1,1,1,1,1,8,8,1,32,1,0,0.997972631,-0.000881369,1,3,1.499493158,9,0.954242509,0.976750894,-0.010216183,4,1.222222222,3.799743279,8,8,3.75,1.25,21.81666667,2.727083334,0.402407903,10,10,3.3,1,13.59999999,1.359999999,0.624407709
g6lm3z,14,1,6a,0,5,1,0,0,1,1,0,1,0,.,0,.,12,1.079181246,0.978036831,-0.00964479,10,3,6.494509208,9,0.954242509,0.970981885,-0.012788872,8,3.375,5.336495471,.,.,.,.,.,.,.,6,5,2.666666667,0.833333333,6.650000004,0.665,0.635858317
e4qkvj,14,2,3a,1,3,1,1,1,1,1,1,1,6,6,1,24,9,0.954242509,0.964014192,-0.015916572,9,3.777777778,5.685447992,9,0.954242509,0.970231914,-0.013124444,9,3.555555556,5.631446867,8,8,7.75,1.125,17.61666667,2.202083333,0.634330641,6,5,6.166666667,0.833333333,17.65,1.765,0.552357943
dzloyw,14,1,1b,0,8,2,1,1,1,1,1,1,3,3,1,12,11,1.041392685,0.95756347,-0.01883243,11,2.636363636,6.398481777,9,0.954242509,0.978943118,-0.009242542,9,2.333333333,5.328069113,8,8,3,1.125,11.31666664,1.41458333,0.457408637,10,10,2.7,1,17.05,1.705,0.579682896
d52l8m,14,1,9b,0,6,2,1,0,1,1,1,1,0,.,0,.,9,0.954242509,0.951681027,-0.021508589,5,3.555555556,4.626809146,9,0.954242509,0.961405331,-0.017093474,6,2.444444444,4.601462444,8,8,3.25,1.125,9.266666675,1.158333334,0.395892545,10,10,1.6,1,7.500000014,0.750000001,0.600091255
dqx40n,14,1,4a,0,8,2,1,1,1,1,1,1,7,7,1,28,10,1,0.951241764,-0.02170909,10,1.9,5.712810441,9,0.954242509,0.962155302,-0.016754823,8,1.666666667,4.907205492,8,8,4.75,1.125,20.30000001,2.537500001,0.520627519,10,10,2,1,11.48333334,1.148333334,0.602363836
g6lmz0,14,2,4b,0,6,2,1,1,1,1,1,1,9,9,1,36,11,1.041392685,0.950513754,-0.022041594,9,2.909090909,5.964901166,9,0.954242509,0.981539172,-0.008092364,9,3.111111111,5.523162571,8,8,6.25,1.25,21.61666668,2.702083335,0.43194567,10,10,3,1,18.45000002,1.845000002,0.619062158
epr92x,15,2,7b,0,8,2,1,1,1,1,1,1,5,5,1,20,10,1,0.946376077,-0.023936247,9,3.2,5.786594019,9,0.954242509,0.98038537,-0.008603178,9,2.777777778,5.439540787,8,8,6.375,1,22.88333333,2.860416666,0.539826497,10,10,6.2,1,25.25,2.525,0.691410996
eyqnop,15,1,7b,0,6,2,1,0,1,1,1,1,0,.,0,.,10,1,0.946224024,-0.02400603,7,1.3,4.811556006,9,0.954242509,0.96117457,-0.017197728,6,1.555555556,4.379182531,7,6,1.857142857,0.857142857,10.25000001,1.281250001,0.297864442,6,5,1.5,0.833333333,4.466666663,0.446666666,0.428582958
dzlozl,14,1,1b,0,10,2,1,1,1,1,1,1,9,9,1,36,11,1.041392685,0.944569875,-0.024765909,9,2.363636364,5.82705156,9,0.954242509,0.974731741,-0.011114891,9,3.142857143,5.529397221,8,8,3,1.125,9.933333329,1.241666666,0.450244605,10,10,2.5,1,9.383333337,0.938333334,0.560662871
g6lmyz,15,2,4a,0,7,2,1,1,1,1,1,1,9,9,1,36,12,1.079181246,0.943993918,-0.025030804,11,4.333333333,7.069331813,9,0.954242509,0.968039691,-0.014106836,9,3.777777778,5.686454367,8,8,4.125,1.125,17.3,2.1625,0.689270818,10,10,2.3,1,14.31666666,1.431666666,0.601497541
g3rjly,14,1,4a,0,3,1,1,0,1,1,1,1,0,.,0,.,10,1,0.93157628,-0.030781578,6,2.7,4.90789407,9,0.954242509,0.976750894,-0.010216183,8,2.222222222,5.049743279,8,8,9,1,23.89999999,2.987499999,0.57218349,8,7,3.75,0.875,16.85,1.685,0.618298133
d52l5m,14,2,9b,0,6,2,1,0,1,1,1,1,0,.,0,.,11,1.041392685,0.931484127,-0.030824541,9,2.545454545,5.869234668,9,0.954242509,0.959963078,-0.01774547,7,3.222222222,5.045546325,8,8,10.625,1,28.18333333,3.522916666,0.5978244,10,10,5.5,1,18.61666668,1.861666668,0.626541647
e4qkxj,14,2,3a,0,1,1,1,1,1,1,1,1,3,3,1,12,12,1.079181246,0.928366278,-0.032280643,8,2.333333333,5.815424903,9,0.954242509,0.966885889,-0.014624778,9,2,5.241721472,8,8,4.875,1,11.21666666,1.402083332,0.486044569,7,6,8,1,15.99999999,1.599999999,0.556295962
dqx4j5,14,2,2b,0,6,2,1,1,1,1,1,1,2,2,1,8,10,1,0.927369488,-0.032747197,6,3.3,5.056842372,9,0.954242509,0.958347756,-0.01847687,8,2.777777778,5.184031383,7,6,4.428571429,0.857142857,20.60000002,2.575000002,0.438170564,9,8,3.75,1.125,17.55,1.755,0.59278907
d80o8q,15,1,9a,1,7,2,1,1,1,1,1,1,1,1,1,4,8,0.903089987,0.921376077,-0.035563068,6,3.125,4.511594019,9,0.954242509,0.969135802,-0.013615362,4,1.111111111,3.770061728,8,8,6.75,1,23.35000001,2.918750001,0.52068979,6,5,4.166666667,0.833333333,10.33333334,1.033333334,0.428582958
g9opym,14,1,4b,1,10,2,0,0,0,1,0,1,10,10,1,40,.,.,.,.,.,.,.,8,0.903089987,0.976635514,-0.010267487,7,2.5,4.619158879,.,.,.,.,.,.,.,10,10,1.7,1.1,9.066666659,0.906666666,0.605405822
g9opzm,15,1,8a,0,1,1,0,0,0,1,0,1,0,.,0,.,.,.,.,.,.,.,.,8,0.903089987,0.974428868,-0.011249858,8,1.75,4.681107217,.,.,.,.,.,.,.,6,5,3.666666667,0.833333333,8.716666651,0.871666665,0.569316232
goj23y,14,1,1a,0,3,1,0,0,0,1,0,0,0,.,0,.,.,.,.,.,.,.,.,8,0.903089987,0.963200935,-0.016283105,6,2,4.240800234,.,.,.,.,.,.,.,.,.,.,.,.,.,.
gxrm4v,14,2,5b,0,5,1,0,0,0,1,0,1,0,.,0,.,.,.,.,.,.,.,.,8,0.903089987,0.975272586,-0.010873983,8,3,4.993818146,.,.,.,.,.,.,.,8,7,1.625,0.875,16.13333334,1.613333334,0.630305986
d52l3v,14,1,9b,0,8,2,1,1,1,1,1,1,3,3,1,12,1,0,0.997972631,-0.000881369,1,6,2.249493158,8,0.903089987,0.972676532,-0.012031562,8,2.5,4.868169133,8,8,3.125,1.125,17.21666666,2.152083332,0.458620842,10,10,1.4,1,7.766666638,0.776666664,0.576423035
evvkzv,14,1,8a,0,9,2,1,0,1,1,1,1,0,.,0,.,11,1.041392685,0.95272543,-0.021032243,10,2.363636364,6.079090448,8,0.903089987,0.970275182,-0.013105077,7,1.625,4.398818795,8,8,6.125,1.125,19.43333333,2.429166666,0.374191226,10,10,5.4,1,18.56666666,1.856666666,0.581028193
eyqn91,14,1,6b,0,8,2,1,1,1,1,1,1,5,5,1,20,10,1,0.945362392,-0.024401679,8,2.8,5.436340598,8,0.903089987,0.97209242,-0.012292443,8,2.125,4.774273105,8,8,6,1.125,21.79999999,2.724999999,0.374191226,10,10,4.8,1.3,25.53333332,2.553333332,0.555496899
e7jn3y,15,2,3a,0,4,1,1,1,1,1,1,1,3,3,1,12,12,1.079181246,0.936855888,-0.028327209,9,2.75,6.171713972,8,0.903089987,0.973714953,-0.011568161,8,2,4.743428738,8,8,7.625,1,16.28333333,2.035416666,0.663306039,8,7,6.571428571,1,19.05,1.905,0.508106317
d80op3,14,2,4a,0,5,1,1,1,1,1,1,1,10,10,1,40,10,1,0.930055753,-0.031491017,8,4.2,5.782513938,8,0.903089987,0.974493769,-0.011220933,8,3.875,5.212373442,8,8,6.5,1.25,22.76666666,2.845833332,0.623742341,9,8,5.222222222,0.888888889,20.08333336,2.008333336,0.69287274
dqx48w,14,1,4a,0,10,2,1,1,1,1,1,1,6,6,1,24,6,0.77815125,0.920425748,-0.036011241,3,1.833333333,2.93843977,8,0.903089987,0.970794393,-0.012872741,8,1.285714286,4.56412717,8,8,3.125,1,11.71666666,1.464583333,0.446779352,10,10,3,1,13.88333335,1.388333335,0.611751776
eyqn8z,14,1,6b,1,10,2,1,0,1,1,1,1,0,.,0,.,5,0.698970004,0.833755702,-0.078961183,1,3.4,2.558438925,8,0.903089987,0.969561267,-0.013424742,7,2.25,4.554890317,8,8,2.875,1.375,15.10000001,1.887500001,0.44366452,10,10,1.4,1,7.049999993,0.704999999,0.63350898
goj28y,15,1,4b,0,8,2,0,0,0,1,0,1,1,1,1,4,.,.,.,.,.,.,.,7,0.84509804,0.970404984,-0.013046982,7,1.571428571,4.135458389,.,.,.,.,.,.,.,10,10,3.4,1,15.38333331,1.538333331,0.649653661
dw1lkl,15,1,5a,1,10,2,1,0,1,1,1,1,0,.,0,.,4,0.602059991,0.964647745,-0.015631247,4,2.25,2.803661936,7,0.84509804,0.970404984,-0.013046982,6,1,3.742601246,6,5,4.5,0.833333333,18.03333332,2.254166664,0.922355876,6,5,15.83333333,0.833333333,33.78333334,3.378333334,0.595820101
eyqn3j,14,2,7b,0,10,2,1,1,1,1,1,1,1,1,1,4,9,0.954242509,0.954102607,-0.020404917,8,3.555555556,5.377414541,7,0.84509804,0.973965287,-0.011456521,7,1.857142857,4.207777036,8,8,4.875,1,20.21666666,2.527083332,0.683753475,10,10,3.8,1,19.16666667,1.916666667,0.793484416
eyqn5j,15,2,7b,0,5,1,1,1,1,1,1,1,1,1,1,4,7,0.84509804,0.947505611,-0.02341821,6,3.714285714,4.415447831,7,0.84509804,0.960539979,-0.017484554,7,3.285714286,4.561563566,7,6,7.285714286,0.857142857,24.83333333,3.104166667,0.482509005,7,6,3.571428571,0.857142857,15.96666666,1.596666666,0.682868093
d52lv9,14,2,8a,0,1,1,1,1,1,1,1,1,6,6,1,20,11,1.041392685,0.943464037,-0.02527465,10,2.727272727,6.167684191,7,0.84509804,0.965287049,-0.015343521,7,2.714285714,4.419893191,8,7,2.5,0.875,21.76666667,2.720833334,0.365554525,5,4,4.6,0.8,9.616666662,0.961666666,0.49595996
d52l7v,15,2,9b,0,6,2,1,1,1,1,1,1,7,7,1,28,6,0.77815125,0.939854705,-0.02693928,5,2.833333333,3.69329701,7,0.84509804,0.976412995,-0.010366449,7,1.857142857,4.208388963,8,8,4.375,1.125,18.36666664,2.29583333,0.517362436,10,10,2.1,1,11.53333334,1.153333334,0.646686445
dw1l67,14,2,5b,0,9,2,1,0,1,1,1,1,0,.,0,.,11,1.041392685,0.934479104,-0.029430405,9,2,5.733619776,7,0.84509804,0.966965213,-0.01458915,8,1.875,4.460491303,8,8,6.875,1,38.23333334,4.779166668,0.445900879,10,10,8.5,1.1,19.36666667,1.936666667,0.622133837
d2o7kq,14,2,6a,0,8,2,1,0,1,1,1,1,0,.,0,.,12,1.079181246,0.927859436,-0.032517811,7,4.083333333,6.002798192,7,0.84509804,0.973149384,-0.011820488,5,2.857142857,3.95757306,8,8,4.125,1,9.11666666,1.139583333,0.69308934,10,10,3.2,1,14.13333333,1.413333333,0.593359944
dw1lyl,14,2,2a,0,7,2,1,1,1,1,1,1,8,8,1,32,11,1.041392685,0.924065797,-0.034297104,7,3.454545455,5.594652813,7,0.84509804,0.962171785,-0.016747383,7,1.714285714,4.169114375,8,8,6.625,1.125,18.96666666,2.370833332,0.429557444,10,10,2.9,1,10.70000002,1.070000002,0.712157189
g9opnn,14,1,4a,1,9,2,0,0,0,1,0,1,0,.,0,.,.,.,.,.,.,.,.,6,0.77815125,0.970318449,-0.013085711,6,2,3.742579612,.,.,.,.,.,.,.,10,10,5,1,18.55,1.855,0.580878883
grl5yp,15,2,5b,.,.,.,0,0,0,1,0,0,0,.,0,.,.,.,.,.,.,.,.,6,0.77815125,0.960453444,-0.017523682,5,1,3.240113361,.,.,.,.,.,.,.,.,.,.,.,.,.,.
gxrm6w,15,1,6a,.,.,.,0,0,0,1,0,0,0,.,0,.,.,.,.,.,.,.,.,6,0.77815125,0.979491173,-0.008999473,5,2.166666667,3.53653946,.,.,.,.,.,.,.,.,.,.,.,.,.,.
gxrm9v,15,1,6a,0,5,1,0,0,0,1,0,0,0,.,0,.,.,.,.,.,.,.,.,6,0.77815125,0.971789547,-0.012427777,6,2,3.742947387,.,.,.,.,.,.,.,.,.,.,.,.,.,.
epr91x,14,2,7b,1,10,2,1,0,1,1,1,1,0,.,0,.,11,1.041392685,0.972538359,-0.01209326,10,1.909090909,5.970407317,6,0.77815125,0.964174455,-0.015844379,6,1.166666667,3.53271028,8,8,3,1.125,14.08333334,1.760416667,0.44593869,10,10,1.3,1,16.41666667,1.641666667,0.653559443
dqx43w,14,2,3a,0,7,2,1,0,1,1,1,1,0,.,0,.,10,1,0.94521034,-0.024471536,9,1.9,5.461302585,6,0.77815125,0.973087574,-0.011848073,4,1.333333333,3.076605227,8,8,4.75,1,17.08333332,2.135416666,0.532135624,10,10,2.4,1,16.25000001,1.625000001,0.673520496
d2o7m4,14,1,1a,0,8,2,1,1,1,1,1,1,9,9,1,36,8,0.903089987,0.944754181,-0.024681177,6,4.428571429,4.843331403,6,0.77815125,0.96123226,-0.017171662,6,3.2,4.040308065,8,8,2,1.125,8.716666693,1.089583337,0.437886072,10,10,1.2,1.1,8.616666627,0.861666663,0.611200733
dqx4vj,14,1,3b,0,8,2,1,1,1,1,1,1,1,1,1,4,6,0.77815125,0.939178915,-0.027251666,5,2,3.484794729,6,0.77815125,0.966943579,-0.014598866,6,2.666666667,3.908402561,8,8,3.25,1,15.39999999,1.924999998,0.574197983,10,10,1.5,1.1,10.33333332,1.033333332,0.667687781
g025yr,14,2,5a,0,4,1,1,1,1,1,1,1,5,5,1,20,8,0.903089987,0.915927522,-0.038138891,6,4.25,4.79148188,6,0.77815125,0.981568017,-0.008079601,6,3,3.995392004,7,6,4.714285714,0.857142857,20.86666667,2.608333334,0.621051459,10,9,2.777777778,1,14.08333331,1.408333331,0.626379529
epr9zj,14,2,7b,0,7,2,0,0,1,1,0,1,0,.,0,.,4,0.602059991,0.897744551,-0.046847222,3,2.25,2.536936138,6,0.77815125,0.967895466,-0.014171545,6,1.666666667,3.658640533,.,.,.,.,.,.,.,10,10,9.1,1,28.91666667,2.891666667,0.581664731
gllzmq,14,1,9b,0,8,2,0,0,0,1,0,1,0,.,0,.,.,.,.,.,.,.,.,5,0.698970004,0.959293873,-0.018048329,4,2.4,3.089823468,.,.,.,.,.,.,.,10,10,6,1,18.36666666,1.836666666,0.700281373
grl59p,14,2,7b,0,6,2,0,0,0,1,0,1,0,.,0,.,.,.,.,.,.,.,.,5,0.698970004,0.963966771,-0.015937936,5,2.6,3.390991693,.,.,.,.,.,.,.,10,10,4.6,1,29.40000002,2.940000002,0.694645709
d80o33,14,2,1a,0,5,1,1,1,1,1,1,1,6,6,1,24,12,1.079181246,0.952495047,-0.021137274,11,1.818181818,6.442669216,5,0.698970004,0.9596054,-0.017907317,5,1.8,3.18990135,7,6,5.571428571,0.857142857,17.56666668,2.195833335,0.352303303,8,7,5.625,1,20.76666667,2.076666667,0.432904077
dzlovw,14,1,1b,0,9,2,1,0,1,1,1,1,0,.,0,.,8,0.903089987,0.950266092,-0.022154767,8,4,5.237566523,5,0.698970004,0.97642783,-0.010359851,5,3.4,3.594106957,8,8,2.125,1,7.76666667,0.970833334,0.350475811,10,10,2,1,12.33333335,1.233333335,0.630784276
e1n63q,14,1,3b,0,6,2,1,1,1,1,1,1,4,4,1,16,11,1.041392685,0.949960835,-0.022294299,9,2.636363636,5.896581118,5,0.698970004,0.97694704,-0.010128979,5,1.2,3.04423676,8,8,3,1,9.716666675,1.214583334,0.411702822,10,10,3.2,1,15.40000003,1.540000003,0.632839062
d2o764,14,1,1a,1,9,2,1,1,1,1,1,1,3,3,1,12,9,0.954242509,0.948639973,-0.022898579,8,2.888888889,5.209382215,5,0.698970004,0.959916926,-0.01776635,5,4,3.739979232,8,8,1.75,1,10.50000001,1.312500002,0.350475811,10,10,1,1,5.099999987,0.509999999,0.579640977
e7jnl8,14,1,2a,0,7,2,1,1,1,1,1,1,8,8,1,32,6,0.77815125,0.941375232,-0.026237232,6,3.166666667,4.027010475,5,0.698970004,0.9596054,-0.017907317,5,2.6,3.38990135,8,8,4.375,1.125,14.48333333,1.810416667,0.557542914,10,10,4.5,1,28.19999999,2.819999999,0.650306875
g3rjy9,14,1,9a,0,4,1,1,0,1,1,1,1,0,.,0,.,6,0.77815125,0.937742862,-0.027916233,6,3.5,4.109435715,5,0.698970004,0.976739356,-0.010221313,5,2.2,3.294184839,8,8,5.75,1,13.38333333,1.672916666,0.385554863,10,10,3.9,1,15.01666666,1.501666666,0.609810392
e1n6lw,13,2,9a,1,6,2,0,0,0,1,0,0,0,.,0,.,.,.,.,.,.,.,.,4,0.602059991,0.979880582,-0.008826849,4,2.25,2.807470145,.,.,.,.,.,.,.,.,.,.,.,.,.,.
g9opqq,15,2,5b,0,5,1,0,0,0,1,0,1,0,.,0,.,.,.,.,.,.,.,.,4,0.602059991,0.94807892,-0.02315551,4,2,2.73701973,.,.,.,.,.,.,.,8,7,1.714285714,1,10.43333333,1.043333333,0.607459117
g9oprn,14,2,5b,.,.,.,0,0,0,1,0,0,2,2,1,8,.,.,.,.,.,.,.,4,0.602059991,0.962227414,-0.016722274,4,2,2.740556854,.,.,.,.,.,.,.,.,.,.,.,.,.,.
goj2pz,14,1,7b,1,9,2,0,0,0,1,0,1,0,.,0,.,.,.,.,.,.,.,.,4,0.602059991,0.942757009,-0.02560023,3,1.25,2.298189252,.,.,.,.,.,.,.,10,10,3,1,17.14999998,1.714999998,0.757549322
grl5rn,14,1,6a,.,.,.,0,0,0,1,0,0,1,1,1,4,.,.,.,.,.,.,.,4,0.602059991,0.975207684,-0.010902885,2,1.5,2.118801921,.,.,.,.,.,.,.,.,.,.,.,.,.,.
grl5vm,14,2,5b,.,.,.,0,0,0,1,0,0,0,.,0,.,.,.,.,.,.,.,.,4,0.602059991,0.954958463,-0.020015518,4,2,2.738739616,.,.,.,.,.,.,.,.,.,.,.,.,.,.
d2o7v2,14,1,3a,0,9,2,1,1,1,1,1,1,1,1,1,4,5,0.698970004,0.970907248,-0.012822257,5,4.2,3.792726812,4,0.602059991,0.957814123,-0.018718764,2,3.25,2.551953531,7,6,2.142857143,0.857142857,9.150000002,1.14375,0.518729972,10,10,2.6,1,20.03333334,2.003333334,0.652603179
eyqnrj,14,2,1b,0,6,2,1,1,1,1,1,1,1,1,1,4,12,1.079181246,0.964985639,-0.01547915,12,2.75,6.92874641,4,0.602059991,0.962227414,-0.016722274,4,2.25,2.803056854,8,8,7,1,35.16666667,4.395833334,0.528478137,9,8,6,1,26.21666668,2.621666668,0.617375196
eyqn61,14,1,7b,0,10,2,1,1,1,1,1,1,5,5,1,20,6,0.77815125,0.96423141,-0.015818725,3,2.666666667,3.157724519,4,0.602059991,0.972352025,-0.012176477,3,3.5,2.868088006,7,6,8.571428571,0.857142857,25.11666666,3.139583333,0.482509005,10,10,11.1,1,31.03333334,3.103333334,0.697364194
g025k3,15,2,4b,0,3,1,1,1,1,1,1,1,6,6,1,24,9,0.954242509,0.929042068,-0.03196462,8,2.444444444,5.093371628,4,0.602059991,0.965212876,-0.015376893,4,2,2.741303219,8,8,4.75,1.125,16.43333335,2.054166669,0.452531968,10,9,7,0.9,31.29999999,3.129999999,0.583799179
grl54n,15,1,3a,1,10,2,0,0,0,1,0,1,0,.,0,.,.,.,.,.,.,.,.,3,0.477121255,0.965039806,-0.015454772,2,2,1.991259952,.,.,.,.,.,.,.,10,10,6.7,1,24.06666666,2.406666666,0.683460171
gxrmqv,15,1,6b,0,9,2,0,0,0,1,0,1,0,.,0,.,.,.,.,.,.,.,.,3,0.477121255,0.950848044,-0.021888883,3,2.333333333,2.321045344,.,.,.,.,.,.,.,10,10,4,1,11.11666666,1.111666666,0.602171852
e7jnx1,14,1,1a,0,5,1,1,1,1,1,1,1,9,9,1,36,5,0.698970004,0.986213887,-0.006028886,4,2,2.996553472,3,0.477121255,0.964520595,-0.015688495,2,2,1.991130149,8,8,2.875,1,10.98333333,1.372916667,0.37662377,9,8,4.444444444,0.888888889,17.93333332,1.793333332,0.537266743
g6lm67,14,2,2b,0,1,1,1,1,1,1,1,1,1,1,1,4,9,0.954242509,0.965365771,-0.015308104,4,3.333333333,4.324674776,3,0.477121255,0.973174109,-0.011809454,3,5,2.993293527,8,8,4.375,1,14.96666666,1.870833332,0.411702822,10,10,4.5,1,18.55,1.855,0.576459467
e7jnz1,14,1,3a,0,8,2,1,1,1,1,1,1,10,10,1,40,12,1.079181246,0.964816692,-0.015555192,6,2,5.241204173,3,0.477121255,0.971962617,-0.012350438,3,3.666666667,2.659657321,8,8,4,1,28.1,3.5125,0.382590436,10,10,2.5,1.5,12.23333335,1.223333335,0.586243752
d2o730,14,1,1a,0,10,2,1,1,1,1,1,1,2,2,1,8,7,0.84509804,0.924480487,-0.034102251,6,3.142857143,4.266834407,3,0.477121255,0.953444098,-0.020704765,3,3,2.488361025,8,8,1.625,1,21.33333334,2.666666668,0.374191226,10,10,1.7,1,16.43333334,1.643333334,0.646896671
g02589,14,1,3b,1,10,2,0,0,1,1,0,1,0,.,0,.,5,0.698970004,0.906639635,-0.042565299,4,1.4,2.826659909,3,0.477121255,0.972827968,-0.011963952,3,2,2.243206992,.,.,.,.,.,.,.,10,10,3.9,1,17.01666666,1.701666666,0.684312466
eyqnm1,15,1,4b,0,1,1,1,1,1,1,1,1,2,2,1,8,3,0.477121255,0.881567832,-0.054744265,2,2,1.970391958,3,0.477121255,0.971962617,-0.012350438,3,2,2.242990654,7,6,4.714285714,0.857142857,11.28333334,1.410416668,0.383291577,7,6,6.714285714,0.857142857,36.06666664,3.606666664,0.705362188
gllzn6,15,1,9b,0,8,2,0,0,0,1,0,1,0,.,0,.,.,.,.,.,.,.,.,2,0.301029996,0.983385254,-0.007276308,2,3.5,2.120846314,.,.,.,.,.,.,.,10,10,2.9,1,14.18333331,1.418333331,0.774940546
e7jn9y,14,1,1a,0,8,2,1,1,1,1,1,1,5,5,1,20,1,0,0.997972631,-0.000881369,1,6,2.249493158,2,0.301029996,0.997923157,-0.000902899,2,5.5,2.624480789,8,8,2.625,1,10.68333335,1.335416668,0.452531968,10,10,2.6,1.1,17.6,1.76,0.695439893
dw1l3o,14,2,1b,0,5,1,1,1,1,1,1,1,10,10,1,40,12,1.079181246,0.948513262,-0.022956592,6,2.25,5.299628316,2,0.301029996,0.962097612,-0.016780863,1,2,1.490524403,8,8,6.5,1,16.6,2.075,0.551806037,10,10,5.9,1,18.16666667,1.816666667,0.693903566
e7jnp8,14,1,3a,0,8,2,1,1,1,1,1,1,2,2,1,8,3,0.477121255,0.875654671,-0.057667131,2,1,1.718913668,2,0.301029996,0.958722741,-0.018306971,2,1,1.489680685,8,8,4.375,1,12.83333331,1.604166663,0.581415668,10,10,2,1,9.783333326,0.978333333,0.62763107
e4qkm7,15,2,9a,1,10,2,0,0,0,1,0,1,0,.,0,.,.,.,.,.,.,.,.,1,0,0.998442368,-0.000676998,1,2,1.249610592,.,.,.,.,.,.,.,6,6,17.66666667,1.166666667,27.60000002,2.760000002,0.574013798
grl5km,14,1,7b,0,8,2,0,0,0,1,0,1,0,.,0,.,.,.,.,.,.,.,.,1,0,0.999481059,-0.000225432,1,6,2.249870265,.,.,.,.,.,.,.,6,5,10.83333333,0.833333333,25.19999999,2.519999999,0.445059365
d52lmv,14,1,9b,1,7,2,1,0,1,1,1,1,0,.,0,.,1,0,0.997972631,-0.000881369,1,2,1.249493158,1,0,0.998442368,-0.000676998,1,2,1.249610592,8,8,5.25,1,12.35000002,1.543750002,0.483780659,10,10,4.4,1.1,17.11666667,1.711666667,0.616409062
dqx4r5,14,2,2b,0,10,2,1,0,1,1,1,1,0,.,0,.,7,0.84509804,0.933748461,-0.029770101,6,3.428571429,4.340579972,1,0,0.997923157,-0.000902899,1,6,2.249480789,8,8,5.125,1.125,36.09999999,4.512499999,0.556878706,10,10,2.9,1.3,19.36666667,1.936666667,0.65527831
eyqn7p,15,1,2b,0,8,2,1,1,1,1,1,1,1,1,1,4,3,0.477121255,0.933096807,-0.030073297,3,3,2.483274202,1,0,0.998442368,-0.000676998,1,6,2.249610592,8,8,5.375,1,11.11666667,1.389583333,0.400833257,10,10,3.9,1,20.15,2.015,0.622991329
